<project>
  <actions />
  <description>&lt;br&gt; Job is building DSP SW Kepler part for LRC when source code changes in &lt;font color="red"&gt;&lt;b&gt; /LRC_SC_UPHWAPI/trunk &lt;/b&gt;&lt;/font&gt;&lt;br&gt;</description>
  <keepDependencies>false</keepDependencies>
  <properties>
    <jenkins.model.BuildDiscarderProperty>
      <strategy class="hudson.tasks.LogRotator">
        <daysToKeep>-1</daysToKeep>
        <numToKeep>20</numToKeep>
        <artifactDaysToKeep>7</artifactDaysToKeep>
        <artifactNumToKeep>-1</artifactNumToKeep>
      </strategy>
    </jenkins.model.BuildDiscarderProperty>
    <hudson.plugins.disk__usage.DiskUsageProperty plugin="disk-usage@0.28" />
    <com.sonyericsson.jenkins.plugins.bfa.model.ScannerJobProperty plugin="build-failure-analyzer@1.15.0">
      <doNotScan>false</doNotScan>
    </com.sonyericsson.jenkins.plugins.bfa.model.ScannerJobProperty>
    <com.chikli.hudson.plugin.naginator.NaginatorOptOutProperty plugin="naginator@1.17.1">
      <optOut>false</optOut>
    </com.chikli.hudson.plugin.naginator.NaginatorOptOutProperty>
    <com.sonyericsson.rebuild.RebuildSettings plugin="rebuild@1.25">
      <autoRebuild>false</autoRebuild>
      <rebuildDisabled>false</rebuildDisabled>
    </com.sonyericsson.rebuild.RebuildSettings>
    <hudson.model.ParametersDefinitionProperty>
      <parameterDefinitions>
        <hudson.model.StringParameterDefinition>
          <name>BRANCH</name>
          <description />
          <defaultValue />
        </hudson.model.StringParameterDefinition>
        <hudson.model.StringParameterDefinition>
          <name>PROMO_BUILD</name>
          <description />
          <defaultValue />
        </hudson.model.StringParameterDefinition>
      </parameterDefinitions>
    </hudson.model.ParametersDefinitionProperty>
  </properties>
  <scm class="hudson.scm.CustomSCM" plugin="customSCM@0.7.6">
    <checkoutCommand>/build/home/ca_pscilrc/scripts/customscm-changelog.sh</checkoutCommand>
    <calcRevisionCommand />
    <compareRevisionCommand />
    <repoBrowserURL />
  </scm>
  <assignedNode>build</assignedNode>
  <canRoam>false</canRoam>
  <disabled>false</disabled>
  <blockBuildWhenDownstreamBuilding>false</blockBuildWhenDownstreamBuilding>
  <blockBuildWhenUpstreamBuilding>false</blockBuildWhenUpstreamBuilding>
  <triggers />
  <concurrentBuild>false</concurrentBuild>
  <builders>
    <hudson.tasks.Shell>
      <command>#!/bin/bash

$HWAPI_SCRIPT_DIR/bin/project_DSP_Build_Kep_LRC.sh</command>
    </hudson.tasks.Shell>
    <hudson.tasks.Shell>
      <command>#!/bin/bash
rm -f changelog.xml
## wget http://psci.emea.nsn-net.net/jobs/$JOB_NAME/builds/$BUILD_NUMBER/changelog.xml
wget http://10.140.19.16/jobs/$JOB_NAME/builds/$BUILD_NUMBER/changelog.xml

svn export --force --non-interactive --trust-server-cert --quiet --username=ca_pscilrc --password=fCfYAXbr https://svne1.access.nsn.com/isource/svnroot/BTS_SCM_PS/branches/ps_rel_ci/jenkins/scripts_lrc/create_copy_up_artifact.sh
./create_copy_up_artifact.sh</command>
    </hudson.tasks.Shell>
  </builders>
  <publishers>
    <hudson.plugins.warnings.WarningsPublisher plugin="warnings@4.56">
      <healthy />
      <unHealthy />
      <thresholdLimit>low</thresholdLimit>
      <pluginName>[WARNINGS] </pluginName>
      <defaultEncoding />
      <canRunOnFailed>false</canRunOnFailed>
      <usePreviousBuildAsReference>false</usePreviousBuildAsReference>
      <useStableBuildAsReference>false</useStableBuildAsReference>
      <useDeltaValues>false</useDeltaValues>
      <thresholds plugin="analysis-core@1.78">
        <unstableTotalAll>0</unstableTotalAll>
        <unstableTotalHigh />
        <unstableTotalNormal />
        <unstableTotalLow />
        <unstableNewAll />
        <unstableNewHigh />
        <unstableNewNormal />
        <unstableNewLow />
        <failedTotalAll />
        <failedTotalHigh />
        <failedTotalNormal />
        <failedTotalLow />
        <failedNewAll />
        <failedNewHigh />
        <failedNewNormal />
        <failedNewLow />
      </thresholds>
      <shouldDetectModules>false</shouldDetectModules>
      <dontComputeNew>true</dontComputeNew>
      <doNotResolveRelativePaths>true</doNotResolveRelativePaths>
      <includePattern />
      <excludePattern>.*CCS_ENV.*, .*E_External.*, unknown.file, .*csl_tac2_regsFEAux.c, .*TIETB.c, .*ETBAddr.h, .*ETBInterface.h, .*HwDrivers/src/CPTHelper.c, .*HwDrivers/src/CPTLib.c, .*HwDrivers/src/StmLibrary.c, .*event_machine_hw_ti_functions.c</excludePattern>
      <messagesPattern />
      <parserConfigurations />
      <consoleParsers>
        <hudson.plugins.warnings.ConsoleParser>
          <parserName>Texas Instruments Code Composer Studio (C/C++)</parserName>
        </hudson.plugins.warnings.ConsoleParser>
      </consoleParsers>
    </hudson.plugins.warnings.WarningsPublisher>
    <hudson.tasks.ArtifactArchiver>
      <artifacts>FBLRC1613_dsp_revision_info.txt, changelog.xml, artifacts.zip, outs.zip, DSP_trunk/md_files_sorted_and_paths_fixed.txt, building_phase_end.txt, Plot_Kep_Lte.log, Plot_Kep_Wcdma.log</artifacts>
      <allowEmptyArchive>false</allowEmptyArchive>
      <onlyIfSuccessful>false</onlyIfSuccessful>
      <fingerprint>true</fingerprint>
      <defaultExcludes>true</defaultExcludes>
      <caseSensitive>true</caseSensitive>
    </hudson.tasks.ArtifactArchiver>
    <hudson.plugins.plot.PlotPublisher plugin="plot@1.9">
      <plots>
        <hudson.plugins.plot.Plot>
          <title>Build times</title>
          <yaxis>Sec</yaxis>
          <series>
            <hudson.plugins.plot.CSVSeries>
              <file>plot.csv</file>
              <label />
              <fileType>csv</fileType>
              <inclusionFlag>OFF</inclusionFlag>
              <exclusionValues />
              <url />
              <displayTableFlag>false</displayTableFlag>
            </hudson.plugins.plot.CSVSeries>
          </series>
          <group>Build Phases</group>
          <numBuilds />
          <csvFileName>685586700.csv</csvFileName>
          <csvLastModification>0</csvLastModification>
          <style>stackedArea</style>
          <useDescr>false</useDescr>
          <keepRecords>false</keepRecords>
          <exclZero>false</exclZero>
          <logarithmic>false</logarithmic>
        </hudson.plugins.plot.Plot>
        <hudson.plugins.plot.Plot>
          <title>Kepler Lte</title>
          <yaxis>kilobytes</yaxis>
          <series>
            <hudson.plugins.plot.CSVSeries>
              <file>Kep_Lte.csv</file>
              <label />
              <fileType>csv</fileType>
              <inclusionFlag>OFF</inclusionFlag>
              <exclusionValues />
              <url />
              <displayTableFlag>true</displayTableFlag>
            </hudson.plugins.plot.CSVSeries>
          </series>
          <group>Static Fast Memory Consumption by Platform</group>
          <numBuilds>50</numBuilds>
          <csvFileName>271846704.csv</csvFileName>
          <csvLastModification>0</csvLastModification>
          <style>line</style>
          <useDescr>false</useDescr>
          <keepRecords>false</keepRecords>
          <exclZero>false</exclZero>
          <logarithmic>false</logarithmic>
        </hudson.plugins.plot.Plot>
        <hudson.plugins.plot.Plot>
          <title>Kepler Wcdma</title>
          <yaxis>kilobytes</yaxis>
          <series>
            <hudson.plugins.plot.CSVSeries>
              <file>Kep_Wcdma.csv</file>
              <label />
              <fileType>csv</fileType>
              <inclusionFlag>OFF</inclusionFlag>
              <exclusionValues />
              <url />
              <displayTableFlag>true</displayTableFlag>
            </hudson.plugins.plot.CSVSeries>
          </series>
          <group>Static Fast Memory Consumption by Platform</group>
          <numBuilds>50</numBuilds>
          <csvFileName>1726493534.csv</csvFileName>
          <csvLastModification>0</csvLastModification>
          <style>line</style>
          <useDescr>false</useDescr>
          <keepRecords>false</keepRecords>
          <exclZero>false</exclZero>
          <logarithmic>false</logarithmic>
        </hudson.plugins.plot.Plot>
      </plots>
    </hudson.plugins.plot.PlotPublisher>
    <hudson.tasks.Fingerprinter>
      <targets> FBLRC1613_dsp_revision_info.txt</targets>
    </hudson.tasks.Fingerprinter>
    <hudson.plugins.claim.ClaimPublisher plugin="claim@2.8" />
    <hudson.tasks.Mailer plugin="mailer@1.17">
      <recipients>oleg.martos@nsn.com, kari.sivonen@nsn.com</recipients>
      <dontNotifyEveryUnstableBuild>true</dontNotifyEveryUnstableBuild>
      <sendToIndividuals>true</sendToIndividuals>
    </hudson.tasks.Mailer>
    <hudson.plugins.postbuildtask.PostbuildTask plugin="postbuild-task@1.8">
      <tasks>
        <hudson.plugins.postbuildtask.TaskProperties>
          <logTexts>
            <hudson.plugins.postbuildtask.LogProperties>
              <logText>1</logText>
              <operator>OR</operator>
            </hudson.plugins.postbuildtask.LogProperties>
            <hudson.plugins.postbuildtask.LogProperties>
              <logText>a</logText>
              <operator>AND</operator>
            </hudson.plugins.postbuildtask.LogProperties>
          </logTexts>
          <EscalateStatus>false</EscalateStatus>
          <RunIfJobSuccessful>false</RunIfJobSuccessful>
          <script>#!/bin/bash

$WORKAREA/lrc_hwapi/bin/project_Run_Posting_Script.sh  $JOB_NAME PS_UPHWAPI build</script>
        </hudson.plugins.postbuildtask.TaskProperties>
      </tasks>
    </hudson.plugins.postbuildtask.PostbuildTask>
  </publishers>
  <buildWrappers>
    <hudson.plugins.timestamper.TimestamperBuildWrapper plugin="timestamper@1.8.3" />
  </buildWrappers>
</project>