<project>
  <actions />
  <description>&lt;br&gt; Job keeps &lt;font color="red"&gt;&lt;b&gt; /BTS_SCM_PS/ECL/FBLRC1613/ECL_HWAPI &lt;/b&gt;&lt;/font&gt; up-to-date and creates new ECL file &lt;br&gt;&lt;br&gt;

   * DSPHWAPI and MCUHWAPI updated automatically &lt;br&gt;</description>
  <keepDependencies>false</keepDependencies>
  <properties>
    <jenkins.model.BuildDiscarderProperty>
      <strategy class="hudson.tasks.LogRotator">
        <daysToKeep>14</daysToKeep>
        <numToKeep>-1</numToKeep>
        <artifactDaysToKeep>-1</artifactDaysToKeep>
        <artifactNumToKeep>-1</artifactNumToKeep>
      </strategy>
    </jenkins.model.BuildDiscarderProperty>
    <hudson.plugins.disk__usage.DiskUsageProperty plugin="disk-usage@0.28" />
    <com.sonyericsson.jenkins.plugins.bfa.model.ScannerJobProperty plugin="build-failure-analyzer@1.15.0">
      <doNotScan>false</doNotScan>
    </com.sonyericsson.jenkins.plugins.bfa.model.ScannerJobProperty>
    <com.chikli.hudson.plugin.naginator.NaginatorOptOutProperty plugin="naginator@1.17.1">
      <optOut>false</optOut>
    </com.chikli.hudson.plugin.naginator.NaginatorOptOutProperty>
    <com.sonyericsson.rebuild.RebuildSettings plugin="rebuild@1.25">
      <autoRebuild>false</autoRebuild>
      <rebuildDisabled>false</rebuildDisabled>
    </com.sonyericsson.rebuild.RebuildSettings>
    <hudson.model.ParametersDefinitionProperty>
      <parameterDefinitions>
        <hudson.model.ChoiceParameterDefinition>
          <name>FORCE_UPLOAD</name>
          <description />
          <choices class="java.util.Arrays$ArrayList">
            <a class="string-array">
              <string>FALSE</string>
              <string>TRUE</string>
            </a>
          </choices>
        </hudson.model.ChoiceParameterDefinition>
      </parameterDefinitions>
    </hudson.model.ParametersDefinitionProperty>
    <hudson.plugins.throttleconcurrents.ThrottleJobProperty plugin="throttle-concurrents@2.0.1">
      <categories class="java.util.concurrent.CopyOnWriteArrayList" />
      <throttleEnabled>false</throttleEnabled>
      <throttleOption>project</throttleOption>
      <limitOneJobWithMatchingParams>false</limitOneJobWithMatchingParams>
      <paramsToUseForLimit />
    </hudson.plugins.throttleconcurrents.ThrottleJobProperty>
  </properties>
  <scm class="hudson.scm.CustomSCM" plugin="customSCM@0.7.6">
    <checkoutCommand>/build/home/ca_pscilrc/scripts/customscm-changelog.sh</checkoutCommand>
    <calcRevisionCommand />
    <compareRevisionCommand />
    <repoBrowserURL />
  </scm>
  <assignedNode>build</assignedNode>
  <canRoam>false</canRoam>
  <disabled>false</disabled>
  <blockBuildWhenDownstreamBuilding>false</blockBuildWhenDownstreamBuilding>
  <blockBuildWhenUpstreamBuilding>false</blockBuildWhenUpstreamBuilding>
  <triggers />
  <concurrentBuild>false</concurrentBuild>
  <builders>
    <hudson.plugins.copyartifact.CopyArtifact plugin="copyartifact@1.38">
      <project>MCU_Build_Store_Libraries_FBLRC1613</project>
      <filter>MCU_revision_info.txt</filter>
      <target />
      <excludes />
      <selector class="hudson.plugins.copyartifact.TriggeredBuildSelector">
        <fallbackToLastSuccessful>true</fallbackToLastSuccessful>
        <upstreamFilterStrategy>UseGlobalSetting</upstreamFilterStrategy>
        <allowUpstreamDependencies>false</allowUpstreamDependencies>
      </selector>
      <doNotFingerprintArtifacts>false</doNotFingerprintArtifacts>
    </hudson.plugins.copyartifact.CopyArtifact>
    <hudson.plugins.copyartifact.CopyArtifact plugin="copyartifact@1.38">
      <project>DSP_Build_Store_Libraries_FBLRC1613</project>
      <filter>FBLRC1613_dsp_revision_info.txt</filter>
      <target />
      <excludes />
      <selector class="hudson.plugins.copyartifact.TriggeredBuildSelector">
        <fallbackToLastSuccessful>true</fallbackToLastSuccessful>
        <upstreamFilterStrategy>UseGlobalSetting</upstreamFilterStrategy>
        <allowUpstreamDependencies>false</allowUpstreamDependencies>
      </selector>
      <doNotFingerprintArtifacts>false</doNotFingerprintArtifacts>
    </hudson.plugins.copyartifact.CopyArtifact>
    <hudson.tasks.Shell>
      <command>#!/bin/bash

export BRANCH=FBLRC1613

$HWAPI_SCRIPT_DIR/bin/project_ECL_HWAPI.sh</command>
    </hudson.tasks.Shell>
  </builders>
  <publishers>
    <hudson.tasks.ArtifactArchiver>
      <artifacts>DSP/FBLRC1613_dsp_revision_info.txt, MCU/MCU_revision_info.txt, ECL_HWAPI/ECL, ECL_revision_info.txt</artifacts>
      <allowEmptyArchive>false</allowEmptyArchive>
      <onlyIfSuccessful>false</onlyIfSuccessful>
      <fingerprint>false</fingerprint>
      <defaultExcludes>true</defaultExcludes>
      <caseSensitive>true</caseSensitive>
    </hudson.tasks.ArtifactArchiver>
    <hudson.tasks.BuildTrigger>
      <childProjects>PS_Release_Promo_FBLRC1613</childProjects>
      <threshold>
        <name>SUCCESS</name>
        <ordinal>0</ordinal>
        <color>BLUE</color>
        <completeBuild>true</completeBuild>
      </threshold>
    </hudson.tasks.BuildTrigger>
    <org.jvnet.hudson.plugins.groovypostbuild.GroovyPostbuildRecorder plugin="groovy-postbuild@2.3.1">
      <script plugin="script-security@1.34">
        <script>manager.listener.logger.println("############GROOVY#################")

def thr = Thread.currentThread()
def build = thr?.executable

pattern = ~/.*DSP: (.*) vs MCU: (.*) /
def map = [:]
manager.build.logFile.eachLine { line -&gt;
    matcher = pattern.matcher(line)
    if(matcher.matches()) {
        manager.listener.logger.println("${matcher.group(1)} vs ${matcher.group(2)}")
        if ( matcher.group(1) != matcher.group(2) ) {
          manager.listener.logger.println("Not match")
          map[matcher.group(1)] = matcher.group(2)
        } else {
          manager.listener.logger.println("Match")
        }
     }
}
   
if(map.size() &gt; 0) {
  badgeText="" 
  map.each {
    badgeText = badgeText + "DSP: $it.key | MCU: $it.value\n"
  }
  manager.addWarningBadge(badgeText) 
}</script>
        <sandbox>false</sandbox>
      </script>
      <behavior>0</behavior>
      <runForMatrixParent>false</runForMatrixParent>
    </org.jvnet.hudson.plugins.groovypostbuild.GroovyPostbuildRecorder>
    <hudson.plugins.descriptionsetter.DescriptionSetterPublisher plugin="description-setter@1.10">
      <regexp>Description: ECL: (.*)</regexp>
      <regexpForFailed />
      <setForMatrix>false</setForMatrix>
    </hudson.plugins.descriptionsetter.DescriptionSetterPublisher>
    <hudson.plugins.emailext.ExtendedEmailPublisher plugin="email-ext@2.44">
      <recipientList>$DEFAULT_RECIPIENTS</recipientList>
      <configuredTriggers>
        <hudson.plugins.emailext.plugins.trigger.FailureTrigger>
          <email>
            <subject>$PROJECT_DEFAULT_SUBJECT</subject>
            <body>$PROJECT_DEFAULT_CONTENT</body>
            <recipientProviders>
              <hudson.plugins.emailext.plugins.recipients.DevelopersRecipientProvider />
            </recipientProviders>
            <attachmentsPattern />
            <attachBuildLog>false</attachBuildLog>
            <compressBuildLog>false</compressBuildLog>
            <replyTo>$PROJECT_DEFAULT_REPLYTO</replyTo>
            <contentType>project</contentType>
          </email>
        </hudson.plugins.emailext.plugins.trigger.FailureTrigger>
      </configuredTriggers>
      <contentType>default</contentType>
      <defaultSubject>$DEFAULT_SUBJECT</defaultSubject>
      <defaultContent>$DEFAULT_CONTENT</defaultContent>
      <attachmentsPattern />
      <presendScript>$DEFAULT_PRESEND_SCRIPT</presendScript>
      <postsendScript>$DEFAULT_POSTSEND_SCRIPT</postsendScript>
      <attachBuildLog>false</attachBuildLog>
      <compressBuildLog>false</compressBuildLog>
      <replyTo>$DEFAULT_REPLYTO</replyTo>
      <saveOutput>false</saveOutput>
      <disabled>false</disabled>
    </hudson.plugins.emailext.ExtendedEmailPublisher>
    <hudson.plugins.parameterizedtrigger.BuildTrigger plugin="parameterized-trigger@2.30">
      <configs>
        <hudson.plugins.parameterizedtrigger.BuildTriggerConfig>
          <configs>
            <hudson.plugins.parameterizedtrigger.PredefinedBuildParameters>
              <properties>UP_BUILD_NUMBER=$BUILD_NUMBER</properties>
            </hudson.plugins.parameterizedtrigger.PredefinedBuildParameters>
          </configs>
          <projects>Generate_ENB_Knife_Para</projects>
          <condition>SUCCESS</condition>
          <triggerWithNoParameters>false</triggerWithNoParameters>
        </hudson.plugins.parameterizedtrigger.BuildTriggerConfig>
      </configs>
    </hudson.plugins.parameterizedtrigger.BuildTrigger>
  </publishers>
  <buildWrappers>
    <hudson.plugins.ws__cleanup.PreBuildCleanup plugin="ws-cleanup@0.29">
      <deleteDirs>false</deleteDirs>
      <cleanupParameter />
      <externalDelete />
    </hudson.plugins.ws__cleanup.PreBuildCleanup>
    <hudson.plugins.timestamper.TimestamperBuildWrapper plugin="timestamper@1.8.3" />
  </buildWrappers>
</project>