<hudson.plugins.promoted__builds.PromotionProcess plugin="promoted-builds@2.27">
  <actions />
  <keepDependencies>false</keepDependencies>
  <properties>
    <hudson.plugins.disk__usage.DiskUsageProperty plugin="disk-usage@0.28" />
    <com.sonyericsson.jenkins.plugins.bfa.model.ScannerJobProperty plugin="build-failure-analyzer@1.15.0">
      <doNotScan>false</doNotScan>
    </com.sonyericsson.jenkins.plugins.bfa.model.ScannerJobProperty>
  </properties>
  <scm class="hudson.scm.NullSCM" />
  <canRoam>true</canRoam>
  <disabled>false</disabled>
  <blockBuildWhenDownstreamBuilding>false</blockBuildWhenDownstreamBuilding>
  <blockBuildWhenUpstreamBuilding>false</blockBuildWhenUpstreamBuilding>
  <triggers />
  <concurrentBuild>false</concurrentBuild>
  <conditions>
    <hudson.plugins.promoted__builds.conditions.SelfPromotionCondition>
      <evenIfUnstable>false</evenIfUnstable>
    </hudson.plugins.promoted__builds.conditions.SelfPromotionCondition>
  </conditions>
  <icon>star-blue</icon>
  <isVisible />
  <buildSteps>
    <hudson.tasks.Shell>
      <command>export branch=FBLRC1613
#svn export --force https://svne1.access.nsn.com/isource/svnroot/BTS_SCM_PS/branches/ps_rel_ci/jenkins/scripts/CI2RMupdate_FastTrack.sh

#chmod +x CI2RMupdate_FastTrack.sh

#./CI2RMupdate_FastTrack.sh


svn export --force https://svne1.access.nsn.com/isource/svnroot/BTS_SCM_PS/branches/ps_rel_ci/jenkins/scripts_lrc/CI2RMupdate_FastTrack.sh

cp -f /home/ca_pscilrc/scirtem_test/CI2RMupdate_FastTrack.sh .

chmod +x CI2RMupdate_FastTrack.sh

./CI2RMupdate_FastTrack.sh</command>
    </hudson.tasks.Shell>
    <hudson.plugins.groovy.SystemGroovy plugin="groovy@1.29">
      <scriptSource class="hudson.plugins.groovy.FileScriptSource">
        <scriptFile>update_promoted_job_description.groovy</scriptFile>
      </scriptSource>
      <bindings />
      <classpath />
    </hudson.plugins.groovy.SystemGroovy>
  </buildSteps>
</hudson.plugins.promoted__builds.PromotionProcess>