<?xml version='1.0' encoding='UTF-8'?>
<project>
  <actions/>
  <description>&lt;br&gt; Job is building DSPHWAPI Rt and CCS_RT when source code changes in &lt;font color=&quot;red&quot;&gt;&lt;b&gt; /LRC_SC_UPHWAPI/trunk &lt;/b&gt;&lt;/font&gt;&lt;br&gt;</description>
  <keepDependencies>false</keepDependencies>
  <properties>
    <jenkins.model.BuildDiscarderProperty>
      <strategy class="hudson.tasks.LogRotator">
        <daysToKeep>-1</daysToKeep>
        <numToKeep>20</numToKeep>
        <artifactDaysToKeep>7</artifactDaysToKeep>
        <artifactNumToKeep>-1</artifactNumToKeep>
      </strategy>
    </jenkins.model.BuildDiscarderProperty>
    <hudson.plugins.disk__usage.DiskUsageProperty plugin="disk-usage@0.28"/>
    <com.sonyericsson.jenkins.plugins.bfa.model.ScannerJobProperty plugin="build-failure-analyzer@1.15.0">
      <doNotScan>false</doNotScan>
    </com.sonyericsson.jenkins.plugins.bfa.model.ScannerJobProperty>
    <com.chikli.hudson.plugin.naginator.NaginatorOptOutProperty plugin="naginator@1.17.1">
      <optOut>false</optOut>
    </com.chikli.hudson.plugin.naginator.NaginatorOptOutProperty>
    <com.sonyericsson.rebuild.RebuildSettings plugin="rebuild@1.25">
      <autoRebuild>false</autoRebuild>
      <rebuildDisabled>false</rebuildDisabled>
    </com.sonyericsson.rebuild.RebuildSettings>
    <hudson.model.ParametersDefinitionProperty>
      <parameterDefinitions>
        <hudson.model.BooleanParameterDefinition>
          <name>MAKE_CONFIGS</name>
          <description>Defines that example configs are generated by using &quot;make LinkerConfig&quot;  instead of CreateConfigs.pl (the old way). Make LinkerConfig should be used from FB1306 onwards.</description>
          <defaultValue>true</defaultValue>
        </hudson.model.BooleanParameterDefinition>
        <hudson.model.BooleanParameterDefinition>
          <name>RT_QUICKTEST</name>
          <description>when true, quick test is executed</description>
          <defaultValue>true</defaultValue>
        </hudson.model.BooleanParameterDefinition>
        <hudson.model.StringParameterDefinition>
          <name>BRANCH</name>
          <description></description>
          <defaultValue></defaultValue>
        </hudson.model.StringParameterDefinition>
        <hudson.model.StringParameterDefinition>
          <name>PROMO_BUILD</name>
          <description></description>
          <defaultValue></defaultValue>
        </hudson.model.StringParameterDefinition>
      </parameterDefinitions>
    </hudson.model.ParametersDefinitionProperty>
    <hudson.plugins.throttleconcurrents.ThrottleJobProperty plugin="throttle-concurrents@2.0.1">
      <maxConcurrentPerNode>0</maxConcurrentPerNode>
      <maxConcurrentTotal>0</maxConcurrentTotal>
      <categories class="java.util.concurrent.CopyOnWriteArrayList"/>
      <throttleEnabled>false</throttleEnabled>
      <throttleOption>project</throttleOption>
      <limitOneJobWithMatchingParams>false</limitOneJobWithMatchingParams>
      <paramsToUseForLimit></paramsToUseForLimit>
    </hudson.plugins.throttleconcurrents.ThrottleJobProperty>
  </properties>
  <scm class="hudson.scm.NullSCM"/>
  <assignedNode>build</assignedNode>
  <canRoam>false</canRoam>
  <disabled>false</disabled>
  <blockBuildWhenDownstreamBuilding>false</blockBuildWhenDownstreamBuilding>
  <blockBuildWhenUpstreamBuilding>false</blockBuildWhenUpstreamBuilding>
  <triggers/>
  <concurrentBuild>false</concurrentBuild>
  <builders>
    <hudson.tasks.Shell>
      <command>#!/bin/bash

$HWAPI_SCRIPT_DIR/bin/project_DSP_Build_RT.sh</command>
    </hudson.tasks.Shell>
    <hudson.tasks.Shell>
      <command>#!/bin/bash
#wget http://psci.emea.nsn-net.net/jobs/DSP_Build_RT_MAINBRANCH_LRC/builds/lastSuccessfulBuild/changelog.xml
#wget http://10.140.14.224/jobs/$JOB_NAME/builds/$BUILD_NUMBER/changelog.xml
#get changelog.xml start
set -x
rm -f changelog.xml
wget http://10.140.19.16/jobs/${UPSTREAM_PROJECT}/builds/${UPSTREAM_BUILD}/changelog.xml
set +x
#get changelog.xml finish

svn export $SVN_COMMAND https://svne1.access.nsn.com/isource/svnroot/BTS_SCM_PS/branches/ps_rel_ci/jenkins/scripts_lrc/create_copy_up_artifact.sh
./create_copy_up_artifact.sh
</command>
    </hudson.tasks.Shell>
    <hudson.plugins.parameterizedtrigger.TriggerBuilder plugin="parameterized-trigger@2.30">
      <configs>
        <hudson.plugins.parameterizedtrigger.BlockableBuildTriggerConfig>
          <configs>
            <hudson.plugins.parameterizedtrigger.FileBuildParameters>
              <propertiesFile>parametrit.txt</propertiesFile>
              <failTriggerOnMissing>true</failTriggerOnMissing>
              <useMatrixChild>false</useMatrixChild>
              <onlyExactRuns>false</onlyExactRuns>
            </hudson.plugins.parameterizedtrigger.FileBuildParameters>
          </configs>
          <projects>PS_ReleaseTest_LSP_Standalone_LRC_MAINBRANCH_LRC</projects>
          <condition>ALWAYS</condition>
          <triggerWithNoParameters>false</triggerWithNoParameters>
          <buildAllNodesWithLabel>false</buildAllNodesWithLabel>
        </hudson.plugins.parameterizedtrigger.BlockableBuildTriggerConfig>
      </configs>
    </hudson.plugins.parameterizedtrigger.TriggerBuilder>
  </builders>
  <publishers>
    <hudson.plugins.warnings.WarningsPublisher plugin="warnings@4.56">
      <healthy></healthy>
      <unHealthy></unHealthy>
      <thresholdLimit>low</thresholdLimit>
      <pluginName>[WARNINGS] </pluginName>
      <defaultEncoding></defaultEncoding>
      <canRunOnFailed>false</canRunOnFailed>
      <usePreviousBuildAsReference>false</usePreviousBuildAsReference>
      <useStableBuildAsReference>false</useStableBuildAsReference>
      <useDeltaValues>false</useDeltaValues>
      <thresholds plugin="analysis-core@1.78">
        <unstableTotalAll>0</unstableTotalAll>
        <unstableTotalHigh></unstableTotalHigh>
        <unstableTotalNormal></unstableTotalNormal>
        <unstableTotalLow></unstableTotalLow>
        <unstableNewAll></unstableNewAll>
        <unstableNewHigh></unstableNewHigh>
        <unstableNewNormal></unstableNewNormal>
        <unstableNewLow></unstableNewLow>
        <failedTotalAll></failedTotalAll>
        <failedTotalHigh></failedTotalHigh>
        <failedTotalNormal></failedTotalNormal>
        <failedTotalLow></failedTotalLow>
        <failedNewAll></failedNewAll>
        <failedNewHigh></failedNewHigh>
        <failedNewNormal></failedNewNormal>
        <failedNewLow></failedNewLow>
      </thresholds>
      <shouldDetectModules>false</shouldDetectModules>
      <dontComputeNew>true</dontComputeNew>
      <doNotResolveRelativePaths>true</doNotResolveRelativePaths>
      <includePattern></includePattern>
      <excludePattern>.*E_External.*, unknown.file, .*csl_tac2_regsFEAux.c, .*TIETB.c, .*ETBAddr.h, .*ETBInterface.h, .*HwDrivers/src/CPTHelper.c, .*HwDrivers/src/CPTLib.c, .*HwDrivers/src/StmLibrary.c, .*Services/OpenEM_ARM_K2.*, .*Services/OpenEM_ARM_AXM.*, .*I_Interface/Platform_Env/Definitions/openem.*</excludePattern>
      <messagesPattern></messagesPattern>
      <parserConfigurations/>
      <consoleParsers>
        <hudson.plugins.warnings.ConsoleParser>
          <parserName>GNU Make + GNU C Compiler (gcc)</parserName>
        </hudson.plugins.warnings.ConsoleParser>
      </consoleParsers>
    </hudson.plugins.warnings.WarningsPublisher>
    <hudson.tasks.ArtifactArchiver>
      <artifacts>artifacts.zip, DSP_trunk/md_files_sorted_and_paths_fixed.txt,changelog.xml,testfeps.zip, building_phase_end.txt</artifacts>
      <allowEmptyArchive>false</allowEmptyArchive>
      <onlyIfSuccessful>false</onlyIfSuccessful>
      <fingerprint>true</fingerprint>
      <defaultExcludes>true</defaultExcludes>
      <caseSensitive>true</caseSensitive>
    </hudson.tasks.ArtifactArchiver>
    <hudson.plugins.postbuildtask.PostbuildTask plugin="postbuild-task@1.8">
      <tasks>
        <hudson.plugins.postbuildtask.TaskProperties>
          <logTexts>
            <hudson.plugins.postbuildtask.LogProperties>
              <logText>1</logText>
              <operator>OR</operator>
            </hudson.plugins.postbuildtask.LogProperties>
            <hudson.plugins.postbuildtask.LogProperties>
              <logText>a</logText>
              <operator>AND</operator>
            </hudson.plugins.postbuildtask.LogProperties>
          </logTexts>
          <EscalateStatus>false</EscalateStatus>
          <RunIfJobSuccessful>false</RunIfJobSuccessful>
          <script>#!/bin/bash&#xd;
&#xd;
$HWAPI_SCRIPT_DIR/bin/project_Run_Posting_Script.sh  $JOB_NAME PS_UPHWAPI build</script>
        </hudson.plugins.postbuildtask.TaskProperties>
      </tasks>
    </hudson.plugins.postbuildtask.PostbuildTask>
    <hudson.plugins.claim.ClaimPublisher plugin="claim@2.8"/>
  </publishers>
  <buildWrappers>
    <hudson.plugins.build__timeout.BuildTimeoutWrapper plugin="build-timeout@1.16-INTEL-1">
      <strategy class="hudson.plugins.build_timeout.impl.AbsoluteTimeOutStrategy">
        <timeoutMinutes>180</timeoutMinutes>
      </strategy>
      <operationList/>
    </hudson.plugins.build__timeout.BuildTimeoutWrapper>
    <hudson.plugins.timestamper.TimestamperBuildWrapper plugin="timestamper@1.8.3"/>
  </buildWrappers>
</project>