<?xml version='1.0' encoding='UTF-8'?>
<project>
  <actions/>
  <description>Cobertura coverage is still preliminary version&#xd;
</description>
  <keepDependencies>false</keepDependencies>
  <properties>
    <hudson.security.AuthorizationMatrixProperty>
      <permission>hudson.model.Item.Build:teikinnu</permission>
      <permission>hudson.model.Item.Build:tevuoti</permission>
      <permission>hudson.model.Item.Cancel:teikinnu</permission>
      <permission>hudson.model.Item.Workspace:teikinnu</permission>
      <permission>hudson.model.Item.Workspace:tevuoti</permission>
      <permission>hudson.model.Item.Configure:teikinnu</permission>
      <permission>hudson.model.Item.Configure:tevuoti</permission>
    </hudson.security.AuthorizationMatrixProperty>
    <jenkins.model.BuildDiscarderProperty>
      <strategy class="hudson.tasks.LogRotator">
        <daysToKeep>-1</daysToKeep>
        <numToKeep>-1</numToKeep>
        <artifactDaysToKeep>7</artifactDaysToKeep>
        <artifactNumToKeep>-1</artifactNumToKeep>
      </strategy>
    </jenkins.model.BuildDiscarderProperty>
    <hudson.plugins.disk__usage.DiskUsageProperty plugin="disk-usage@0.28"/>
    <com.sonyericsson.jenkins.plugins.bfa.model.ScannerJobProperty plugin="build-failure-analyzer@1.15.0">
      <doNotScan>false</doNotScan>
    </com.sonyericsson.jenkins.plugins.bfa.model.ScannerJobProperty>
    <com.chikli.hudson.plugin.naginator.NaginatorOptOutProperty plugin="naginator@1.17.1">
      <optOut>false</optOut>
    </com.chikli.hudson.plugin.naginator.NaginatorOptOutProperty>
    <com.sonyericsson.rebuild.RebuildSettings plugin="rebuild@1.25">
      <autoRebuild>false</autoRebuild>
      <rebuildDisabled>false</rebuildDisabled>
    </com.sonyericsson.rebuild.RebuildSettings>
    <hudson.model.ParametersDefinitionProperty>
      <parameterDefinitions>
        <hudson.model.StringParameterDefinition>
          <name>branch</name>
          <description></description>
          <defaultValue>MAINBRANCH_LRC</defaultValue>
        </hudson.model.StringParameterDefinition>
      </parameterDefinitions>
    </hudson.model.ParametersDefinitionProperty>
    <hudson.plugins.throttleconcurrents.ThrottleJobProperty plugin="throttle-concurrents@2.0.1">
      <maxConcurrentPerNode>0</maxConcurrentPerNode>
      <maxConcurrentTotal>0</maxConcurrentTotal>
      <categories class="java.util.concurrent.CopyOnWriteArrayList"/>
      <throttleEnabled>false</throttleEnabled>
      <throttleOption>project</throttleOption>
      <limitOneJobWithMatchingParams>false</limitOneJobWithMatchingParams>
      <paramsToUseForLimit></paramsToUseForLimit>
    </hudson.plugins.throttleconcurrents.ThrottleJobProperty>
  </properties>
  <scm class="hudson.scm.NullSCM"/>
  <assignedNode>build</assignedNode>
  <canRoam>false</canRoam>
  <disabled>false</disabled>
  <blockBuildWhenDownstreamBuilding>false</blockBuildWhenDownstreamBuilding>
  <blockBuildWhenUpstreamBuilding>false</blockBuildWhenUpstreamBuilding>
  <triggers>
    <hudson.triggers.TimerTrigger>
      <spec>H 5 * * *</spec>
    </hudson.triggers.TimerTrigger>
  </triggers>
  <concurrentBuild>false</concurrentBuild>
  <builders>
    <hudson.plugins.copyartifact.CopyArtifact plugin="copyartifact@1.38">
      <project>PS_Release_Promo_MAINBRANCH_LRC</project>
      <filter></filter>
      <target></target>
      <excludes></excludes>
      <selector class="hudson.plugins.copyartifact.StatusBuildSelector"/>
      <doNotFingerprintArtifacts>false</doNotFingerprintArtifacts>
    </hudson.plugins.copyartifact.CopyArtifact>
    <hudson.tasks.Shell>
      <command>#!/bin/bash

cat /etc/redhat-release | grep -q -i &quot;release 6&quot;
if [ &quot;$?&quot; == &quot;0&quot; ]; then
  echo &quot;- - - - - R H E L 6 - - - - -&quot;
  RHEL=6
else
  echo &quot;- - - - - R H E L 5 - - - - -&quot;
  RHEL=5
fi

# ---- Tools ---- #
if [ $RHEL == 6 ]; then
  if [ -d /etc/eecloud ]; then
    echo &quot;- - - - - cloud - - - - -&quot;
    source /opt/gcc/x86_64/4.7.3/interface/startup/linsee.env || exit 1
    source /opt/ctc++/x86_64/7.3.1/interface/startup/linsee.env
    source /opt/cmake/x86_64/2.8.7-3/interface/startup/linsee.env
    temp=$LD_LIBRARY_PATH
    export LD_LIBRARY_PATH=/opt/gcc/x86_64/4.7.2-3/lib:/opt/gcc/x86_64/4.7.2-3/lib64:$temp || exit 1
    gcc --version
  else
    echo &quot;- - - - - linsee - - - - -&quot;
    #source /opt/gcc/x86_64/4.7.3/interface/startup/linsee.env || exit 1
    source /opt/ctc++/x86_64/7.3.1/interface/startup/linsee.env || exit 1
    source /opt/cmake/x86_64/2.8.7-3/interface/startup/linsee.env
    gcc --version
  fi
  #source /opt/boost/x86_64/1.55.0-1/interface/startup/linsee.env
  #export INCLUDE_DIR=$BOOST_HOME/include
else
  echo &quot;- Rhel5 not supported anymore! &quot;
fi

svn export https://svne1.access.nsn.com/isource/svnroot/BTS_SCM_PS/branches/ps_rel_ci/jenkins/scripts_lrc/MCUbuild_LRC.sh

MCUsvn=$(sed -n &apos;s/ECL_MCUHWAPI=\(.*\)/\1/p&apos; ECL)
MCUrev=$(sed -n &apos;s/ECL_MCUHWAPI=.*@\(.*\)/\1/p&apos; ECL)

export branch=MAINBRANCH_LRC
export NOT_USE_ECLOUD=YES
export APP_SW=&quot;BTS_SC_MCUHWAPI_MAINBRANCH_LRC-trunk@$MCUrev-ctc&quot;

svn info https://svne1.access.nsn.com/isource/svnroot/LRC_SC_MCUHWAPI/MAINBRANCH_LRC/trunk@$MCUrev &gt; MCU_revision_info.txt
svn co --ignore-externals https://svne1.access.nsn.com/isource/svnroot/LRC_SC_MCUHWAPI/MAINBRANCH_LRC/trunk@$MCUrev MCU_trunk &gt; svn_log.log

pushd MCU_trunk
python ECL.py &amp;&gt; eclpy.log
popd

ctc -V

export VERBOSE=yes

#./MCUbuild_FSM_REL3.sh
#./MCUbuild_LRC.sh LCP

export OM_CMAKE_EXTRAS=&quot;-DCTC=yes&quot;
make -C MCU_trunk/HWR/ BUILD_OM TGT=LINUX_OCTEON2 TGT_UNIT=LCP || exit 1

echo &quot;##################### SYM FILES OM_LCP ##########################&quot;
symfiles=$(find . -iname &quot;*.sym&quot; -not -path &quot;*symfiles*&quot;)
mkdir -p symfiles/OM_LCP
mv $symfiles symfiles/OM_LCP
echo &quot;#################################################################&quot;
#unset USE_CTC
#unset OM_CMAKE_EXTRAS

make -C MCU_trunk/HWR/ BUILD_OM TGT=LINUX_ARM_LSI TGT_UNIT=LSP_AXM || exit 1
echo &quot;##################### SYM FILES OM_LSP_AXM ######################&quot;
symfiles=$(find . -iname &quot;*.sym&quot; -not -path &quot;*symfiles*&quot;)
mkdir -p symfiles/OM_LSP_AXM
mv $symfiles symfiles/OM_LSP_AXM
echo &quot;#################################################################&quot;

unset OM_CMAKE_EXTRAS
export USE_CTC=yes
make -C MCU_trunk/HWR/ LCP_AHP LINUX_OCTEON2 || exit 1
echo &quot;##################### SYM FILES LCP_AHP #########################&quot;
symfiles=$(find . -iname &quot;*.sym&quot; -not -path &quot;*symfiles*&quot;)
mkdir -p symfiles/LCP_AHP
mv $symfiles symfiles/LCP_AHP
echo &quot;#################################################################&quot;

make -C MCU_trunk/HWR/ LCP_SHP LINUX_OCTEON2 || exit 1
echo &quot;##################### SYM FILES LCP_SHP #########################&quot;
symfiles=$(find . -iname &quot;*.sym&quot; -not -path &quot;*symfiles*&quot;)
mkdir -p symfiles/LCP_SHP
mv $symfiles symfiles/LCP_SHP
echo &quot;#################################################################&quot;

#export USE_CTC=no
make -C MCU_trunk/HWR/ LSP_AXM LINUX_ARM_LSI || exit 1
echo &quot;##################### SYM FILES LSP_AXM #########################&quot;
symfiles=$(find . -iname &quot;*.sym&quot; -not -path &quot;*symfiles*&quot;)
mkdir -p symfiles/LSP_AXM
mv $symfiles symfiles/LSP_AXM
echo &quot;#################################################################&quot;


if [ &quot;$?&quot; -ne &quot;0&quot; ]; then
   echo -ne &quot;\nFSM_REL3 compilation returned an exit code\n&quot;   
   exit 1
fi

echo http://10.140.19.16:8080/job/$JOB_NAME/builds/$BUILD_NUMBER/log &gt; logurl.txt

rm -f artifacts.zip
zip -qr artifacts.zip MCU_revision_info.txt MCU_trunk/exe/* MCU_trunk/CCS_Services/lib/LINUX_NATIVE/libCCS.so MCU_trunk/CCS_Daemon/exe/LINUX_NATIVE/CCSDaemonExe MCU_trunk/HWR/lib/* MCU_trunk/emake.xml MCU_trunk/PS_Tools/StripWatcher/* logurl.txt MCU_trunk/Tbts/exe/LINUX_OCTEON2/FCT/* MCU_trunk/HWR/exe/LINUX_OCTEON2/FCT/ClSim.tgz MCU_trunk/build /python/* MCU_trunk/build/common_tests/* MCU_trunk/C_Platform/MCUHWAPI/FEP/LRC/*

#Make a parameter file
echo PARENT_PROJECT=$JOB_NAME &gt; param_file
echo ECL_REVISION=$(sed -n &apos;s/Last Changed Rev:\s*\(.*\)/\1/p&apos; ECL_revision_info.txt) &gt;&gt; param_file
#echo ECL_REVISION=$ECL_REVISION &gt;&gt; param_file
echo CODE_COVERAGE=true &gt;&gt; param_file

echo &quot;##### Creating LSP FEPs #####&quot;
svn export https://svne1.access.nsn.com/isource/svnroot/BTS_SCM_PS/branches/ps_rel_ci/jenkins/scripts_lrc/do_fep.sh
export ECL_REVISION=$(sed -n &apos;s/Last Changed Rev:\s*\(.*\)/\1/p&apos; ECL_revision_info.txt)
./do_fep.sh -b $branch -e $ECL_REVISION -x MCU_trunk/exe/LINUX_ARM_LSI/LSP_AXM/hwr.tgz

mv LSP____OS_E0000.FEP NSN-LSP-OS
mv LSP____LT_E0000.FEP NSN-LTE-DSP</command>
    </hudson.tasks.Shell>
    <org.jenkinsci.plugins.conditionalbuildstep.singlestep.SingleConditionalBuilder plugin="conditional-buildstep@1.3.3">
      <condition class="org.jenkins_ci.plugins.run_condition.core.AlwaysRun" plugin="run-condition@1.0"/>
      <buildStep class="hudson.plugins.parameterizedtrigger.TriggerBuilder" plugin="parameterized-trigger@2.30">
        <configs>
          <hudson.plugins.parameterizedtrigger.BlockableBuildTriggerConfig>
            <configs>
              <hudson.plugins.parameterizedtrigger.FileBuildParameters>
                <propertiesFile>param_file</propertiesFile>
                <failTriggerOnMissing>false</failTriggerOnMissing>
                <useMatrixChild>false</useMatrixChild>
                <onlyExactRuns>false</onlyExactRuns>
              </hudson.plugins.parameterizedtrigger.FileBuildParameters>
            </configs>
            <projects>PS_ReleaseTest_MCU_LRC_MAINBRANCH_LRC</projects>
            <condition>ALWAYS</condition>
            <triggerWithNoParameters>false</triggerWithNoParameters>
            <block/>
            <buildAllNodesWithLabel>false</buildAllNodesWithLabel>
          </hudson.plugins.parameterizedtrigger.BlockableBuildTriggerConfig>
        </configs>
      </buildStep>
      <runner class="org.jenkins_ci.plugins.run_condition.BuildStepRunner$Fail" plugin="run-condition@1.0"/>
    </org.jenkinsci.plugins.conditionalbuildstep.singlestep.SingleConditionalBuilder>
    <hudson.plugins.copyartifact.CopyArtifact plugin="copyartifact@1.38">
      <project>PS_ReleaseTest_MCU_LRC_MAINBRANCH_LRC</project>
      <filter>ctc_data*/*</filter>
      <target></target>
      <excludes></excludes>
      <selector class="hudson.plugins.copyartifact.SpecificBuildSelector">
        <buildNumber>${TRIGGERED_BUILD_NUMBER_PS_ReleaseTest_MCU_LRC_MAINBRANCH_LRC}</buildNumber>
      </selector>
      <doNotFingerprintArtifacts>false</doNotFingerprintArtifacts>
    </hudson.plugins.copyartifact.CopyArtifact>
    <hudson.tasks.Shell>
      <command>#!/bin/bash
# ---- Tools ---- #
unset PYTHON_VERSION
unset CTC_VERSION
source /opt/python/x86_64/2.7.3/interface/startup/linsee.env &amp;&gt; /dev/null
source /opt/ctc++/x86_64/7.3.1/interface/startup/linsee.env &amp;&gt; /dev/null

	
#****************************#
# ---- Get ctc2cob tool ---- #
svn export https://svne1.access.nsn.com/isource/svnroot/BTS_SCM_PS/branches/ps_rel_ci/jenkins/scripts/ctc2cob

echo &quot;# ---- Get results testcase by testcase ---- #&quot;

echo &quot;***&quot;
list_of_tgz=$(find label*/ctc_data_*/ -maxdepth 1 -iname &quot;testcase_ctc*.tgz&quot;)
echo &quot;$list_of_tgz&quot;
WORKSPACE=$(pwd)
echo &quot;workspace: ${WORKSPACE}&quot;

#for zipfile in $list_of_tgz
#do 
    # ---- Unzip testcase.tgz files ---- #
    #testfilename=$(echo $zipfile | awk &apos;BEGIN {FS=&quot;/&quot;} ; {print $3}&apos; | awk &apos;BEGIN {FS=&quot;.&quot;} ; {print $2, $3}&apos; | awk &apos;{ sub(/ /, &quot;_&quot;); print }&apos;)
    #target_env=$(echo $zipfile | awk &apos;BEGIN {FS=&quot;/&quot;} ; {print $1}&apos; | awk &apos;BEGIN {FS=&quot;=&quot;} ; {print $2}&apos;)
    
    #new_name=&quot;${target_env}_${testfilename}&quot;
    
    #echo &quot;Test suite: ${new_name}&quot;

    #if [ ! -e ${new_name} ]
    #then
    #    echo &quot;***&quot;
    #    echo &quot;Creating folder: ${new_name}&quot;
    #    mkdir ${new_name}
    #    echo &quot;***&quot;
    #fi
    #cd ${WORKSPACE}/${new_name}

    #echo &quot;Curren folder: $PWD&quot;
    #echo &quot;Extracting ${WORKSPACE}/$zipfile&quot;
    #tar -xzf ${WORKSPACE}/$zipfile --strip=3

    #echo &quot;Running ctc2dat on extracted files&quot;
    #for f in $(find . -maxdepth 1 -iname &quot;ctc_*.txt&quot;)
    #do
        # get .dat files
    #    dat=$(echo $f | sed -n &apos;s/.txt/.dat/p&apos;)
    #    ctc2dat -i $f -o $dat &gt;&gt; ${WORKSPACE}/ctc2dat.log
    #    if [ $? -ne 0 ] ;then
    #        echo &quot;Problems with $f --&gt; $dat&quot;
    #    fi
    #done

    #cd ${WORKSPACE}
    #echo &quot;&quot;
#done

targets=$(find . -maxdepth 1 -type d -name &quot;label=*&quot;)
for target in $targets
do
        pushd $target
        ips=$(find . -maxdepth 1 -type d -name &quot;*192.168.255*&quot;)
        for ip in $ips
        do
                pushd $ip
                echo &quot;folderi: $(pwd)&quot;
                zipfiles=$(find . -maxdepth 1 -iname &quot;testcase_ctc*.tgz&quot;)
                for zipfile in $zipfiles
                do
                        mkdir -p $(pwd)/${zipfile}_extracted
                        tar -xzf ${zipfile} --strip=3 -C $(pwd)/${zipfile}_extracted
                        for f in $(find $(pwd)/${zipfile}_extracted -maxdepth 1 -iname &quot;ctc_*.txt&quot;)
					    do
           					dat=$(echo $f | sed -n &apos;s/.txt/.dat/p&apos;)
        					ctc2dat -i $f -o $dat &gt;&gt; ${WORKSPACE}/ctc2dat.log
        					if [ $? -ne 0 ] ;then
            					echo &quot;Problems with $f --&gt; $dat&quot;
        					fi
    						done
                done
                popd
        done
        popd
done


echo &quot;xml and profile files for all files&quot;
datfiles=$(find . -iname &quot;ctc*.dat&quot;)
#symfiles=$(find . -iname &quot;*.sym&quot;)
symfiles=$(find ./symfiles/ -iname &quot;*.sym&quot; -not -path &quot;*symfiles/LSP_AXM/*&quot;)

echo &quot;List of dat files&quot;
echo $datfiles

echo &quot;List of sym files&quot;
echo $symfiles

ctcpost $symfiles $datfiles -p ctc_all.profile -x ctc_all.xml

tar -czf LRC_CTC_data.tgz $symfiles $datfiles

echo &quot;CTC to cobertura&quot;
./ctc2cob ctc_all.xml sct_lrc_coverage_all.xml -r ${WORKSPACE}/MCU_trunk/ -s MCU_trunk/
echo &quot;CTC to Cobertura: $?&quot;

echo &quot;CTC HTML report&quot;
ctc2html -i ctc_all.profile

echo &quot;***&quot;



</command>
    </hudson.tasks.Shell>
  </builders>
  <publishers>
    <hudson.tasks.ArtifactArchiver>
      <artifacts>sct_lrc_coverage*.xml,ctc_all.xml,LRC_CTC_data.tgz</artifacts>
      <allowEmptyArchive>false</allowEmptyArchive>
      <onlyIfSuccessful>false</onlyIfSuccessful>
      <fingerprint>true</fingerprint>
      <defaultExcludes>true</defaultExcludes>
      <caseSensitive>true</caseSensitive>
    </hudson.tasks.ArtifactArchiver>
    <hudson.plugins.cobertura.CoberturaPublisher plugin="cobertura@1.9.8">
      <coberturaReportFile>sct_lrc_coverage*.xml</coberturaReportFile>
      <onlyStable>false</onlyStable>
      <failUnhealthy>false</failUnhealthy>
      <failUnstable>false</failUnstable>
      <autoUpdateHealth>true</autoUpdateHealth>
      <autoUpdateStability>true</autoUpdateStability>
      <zoomCoverageChart>false</zoomCoverageChart>
      <maxNumberOfBuilds>0</maxNumberOfBuilds>
      <failNoReports>false</failNoReports>
      <healthyTarget>
        <targets class="enum-map" enum-type="hudson.plugins.cobertura.targets.CoverageMetric">
          <entry>
            <hudson.plugins.cobertura.targets.CoverageMetric>PACKAGES</hudson.plugins.cobertura.targets.CoverageMetric>
            <int>9000000</int>
          </entry>
          <entry>
            <hudson.plugins.cobertura.targets.CoverageMetric>CLASSES</hudson.plugins.cobertura.targets.CoverageMetric>
            <int>8000000</int>
          </entry>
          <entry>
            <hudson.plugins.cobertura.targets.CoverageMetric>METHOD</hudson.plugins.cobertura.targets.CoverageMetric>
            <int>5000000</int>
          </entry>
          <entry>
            <hudson.plugins.cobertura.targets.CoverageMetric>LINE</hudson.plugins.cobertura.targets.CoverageMetric>
            <int>3000000</int>
          </entry>
          <entry>
            <hudson.plugins.cobertura.targets.CoverageMetric>CONDITIONAL</hudson.plugins.cobertura.targets.CoverageMetric>
            <int>6000000</int>
          </entry>
        </targets>
      </healthyTarget>
      <unhealthyTarget>
        <targets class="enum-map" enum-type="hudson.plugins.cobertura.targets.CoverageMetric">
          <entry>
            <hudson.plugins.cobertura.targets.CoverageMetric>PACKAGES</hudson.plugins.cobertura.targets.CoverageMetric>
            <int>9245000</int>
          </entry>
          <entry>
            <hudson.plugins.cobertura.targets.CoverageMetric>CLASSES</hudson.plugins.cobertura.targets.CoverageMetric>
            <int>8935000</int>
          </entry>
          <entry>
            <hudson.plugins.cobertura.targets.CoverageMetric>METHOD</hudson.plugins.cobertura.targets.CoverageMetric>
            <int>5807000</int>
          </entry>
          <entry>
            <hudson.plugins.cobertura.targets.CoverageMetric>LINE</hudson.plugins.cobertura.targets.CoverageMetric>
            <int>5422000</int>
          </entry>
          <entry>
            <hudson.plugins.cobertura.targets.CoverageMetric>CONDITIONAL</hudson.plugins.cobertura.targets.CoverageMetric>
            <int>6197000</int>
          </entry>
        </targets>
      </unhealthyTarget>
      <failingTarget>
        <targets class="enum-map" enum-type="hudson.plugins.cobertura.targets.CoverageMetric">
          <entry>
            <hudson.plugins.cobertura.targets.CoverageMetric>PACKAGES</hudson.plugins.cobertura.targets.CoverageMetric>
            <int>9245000</int>
          </entry>
          <entry>
            <hudson.plugins.cobertura.targets.CoverageMetric>CLASSES</hudson.plugins.cobertura.targets.CoverageMetric>
            <int>8935000</int>
          </entry>
          <entry>
            <hudson.plugins.cobertura.targets.CoverageMetric>METHOD</hudson.plugins.cobertura.targets.CoverageMetric>
            <int>5807000</int>
          </entry>
          <entry>
            <hudson.plugins.cobertura.targets.CoverageMetric>LINE</hudson.plugins.cobertura.targets.CoverageMetric>
            <int>5422000</int>
          </entry>
          <entry>
            <hudson.plugins.cobertura.targets.CoverageMetric>CONDITIONAL</hudson.plugins.cobertura.targets.CoverageMetric>
            <int>6197000</int>
          </entry>
        </targets>
      </failingTarget>
      <sourceEncoding>ASCII</sourceEncoding>
    </hudson.plugins.cobertura.CoberturaPublisher>
    <htmlpublisher.HtmlPublisher plugin="htmlpublisher@1.11">
      <reportTargets>
        <htmlpublisher.HtmlPublisherTarget>
          <reportName>CTC++ Code Coverage</reportName>
          <reportDir>CTCHTML</reportDir>
          <reportFiles>index.html</reportFiles>
          <alwaysLinkToLastBuild>false</alwaysLinkToLastBuild>
          <keepAll>false</keepAll>
          <allowMissing>false</allowMissing>
        </htmlpublisher.HtmlPublisherTarget>
      </reportTargets>
    </htmlpublisher.HtmlPublisher>
    <hudson.plugins.descriptionsetter.DescriptionSetterPublisher plugin="description-setter@1.10">
      <regexp>^Description: (.*)</regexp>
      <regexpForFailed></regexpForFailed>
      <setForMatrix>false</setForMatrix>
    </hudson.plugins.descriptionsetter.DescriptionSetterPublisher>
  </publishers>
  <buildWrappers>
    <hudson.plugins.timestamper.TimestamperBuildWrapper plugin="timestamper@1.8.3"/>
  </buildWrappers>
</project>