<?xml version='1.0' encoding='UTF-8'?>
<project>
  <actions/>
  <description>First test level for PS release. If this passes, PS_TRUNK will be marked with purple star&#xd;
&lt;br/&gt;&#xd;
&lt;br/&gt;&#xd;
&lt;img src=&quot;http://10.140.19.16:8080/job/PS_StartupTest_LRC_MAINBRANCH_LRC/plot/getPlot?index=0&amp;width=500&amp;height=400&quot;&gt;</description>
  <keepDependencies>false</keepDependencies>
  <properties>
    <jenkins.model.BuildDiscarderProperty>
      <strategy class="hudson.tasks.LogRotator">
        <daysToKeep>30</daysToKeep>
        <numToKeep>-1</numToKeep>
        <artifactDaysToKeep>-1</artifactDaysToKeep>
        <artifactNumToKeep>-1</artifactNumToKeep>
      </strategy>
    </jenkins.model.BuildDiscarderProperty>
    <hudson.plugins.disk__usage.DiskUsageProperty plugin="disk-usage@0.28"/>
    <com.sonyericsson.jenkins.plugins.bfa.model.ScannerJobProperty plugin="build-failure-analyzer@1.15.0">
      <doNotScan>false</doNotScan>
    </com.sonyericsson.jenkins.plugins.bfa.model.ScannerJobProperty>
    <com.chikli.hudson.plugin.naginator.NaginatorOptOutProperty plugin="naginator@1.17.1">
      <optOut>false</optOut>
    </com.chikli.hudson.plugin.naginator.NaginatorOptOutProperty>
    <com.sonyericsson.rebuild.RebuildSettings plugin="rebuild@1.25">
      <autoRebuild>false</autoRebuild>
      <rebuildDisabled>false</rebuildDisabled>
    </com.sonyericsson.rebuild.RebuildSettings>
    <hudson.model.ParametersDefinitionProperty>
      <parameterDefinitions>
        <hudson.model.TextParameterDefinition>
          <name>ECL_REVISION</name>
          <description></description>
          <defaultValue></defaultValue>
        </hudson.model.TextParameterDefinition>
      </parameterDefinitions>
    </hudson.model.ParametersDefinitionProperty>
    <hudson.plugins.throttleconcurrents.ThrottleJobProperty plugin="throttle-concurrents@2.0.1">
      <categories class="java.util.concurrent.CopyOnWriteArrayList"/>
      <throttleEnabled>false</throttleEnabled>
      <throttleOption>project</throttleOption>
      <limitOneJobWithMatchingParams>false</limitOneJobWithMatchingParams>
      <paramsToUseForLimit></paramsToUseForLimit>
    </hudson.plugins.throttleconcurrents.ThrottleJobProperty>
  </properties>
  <scm class="hudson.scm.CustomSCM" plugin="customSCM@0.7.6">
    <checkoutCommand>/build/home/ca_pscilrc/scripts/customscm-changelog.sh</checkoutCommand>
    <calcRevisionCommand></calcRevisionCommand>
    <compareRevisionCommand></compareRevisionCommand>
    <repoBrowserURL></repoBrowserURL>
  </scm>
  <assignedNode>LRC_Startup_MAIN</assignedNode>
  <canRoam>false</canRoam>
  <disabled>false</disabled>
  <blockBuildWhenDownstreamBuilding>false</blockBuildWhenDownstreamBuilding>
  <blockBuildWhenUpstreamBuilding>false</blockBuildWhenUpstreamBuilding>
  <triggers/>
  <concurrentBuild>false</concurrentBuild>
  <builders>
    <hudson.tasks.Shell>
      <command>
svn export --username=ca_pscilrc --password=fCfYAXbr --non-interactive --trust-server-cert https://svne1.access.nsn.com/isource/svnroot/BTS_T_PS_TOOLS/ReserveItPy/trunk/ ReserveIt 


#echo &quot;Starting Serial Port loggers&quot; 
#ssh -o ConnectTimeout=120 hwr@192.168.255.87 -i /home/psci/.ssh/hwr_id_rsa &quot;sudo logrotate -f /etc/logrotate.d/conserver-server&quot;
#ssh -o ConnectTimeout=120 hwr@192.168.255.87 -i /home/psci/.ssh/hwr_id_rsa &quot;sudo rm /var/log/conserver/*.gz&quot;

echo &quot;properties = { &apos;server_ip_address&apos;:&apos;10.140.19.16&apos;,&quot; &gt; ReserveIt/Properties.py
echo &quot;               &apos;server_port&apos;:&apos;59108&apos;,&quot; &gt;&gt; ReserveIt/Properties.py
echo &quot;               &apos;own_name&apos;:&apos;LRC_STARTUP_${branch}}&apos;,&quot; &gt;&gt; ReserveIt/Properties.py
echo &quot;               &apos;subnet&apos;:&apos;192.168.255&apos;}&quot; &gt;&gt; ReserveIt/Properties.py
sleep 5

python ReserveIt/ReserveItClient.py -t $test_env Reserve || exit 1
python ReserveIt/ReserveItClient.py -t $test_env Off

python ReserveIt/ReserveItClient.py -t $test_env --timeout 240 On Connect || exit 1</command>
    </hudson.tasks.Shell>
    <hudson.tasks.Shell>
      <command>#!/bin/sh
mkdir -p /home/psci/jenkins/workspace/PS_StartupTest_LRC_LOOP/console_logs

#no swdl if this is set
export execute_tests_only=no

export branch=MAINBRANCH_LRC
export ip=192.168.255.1

#Get a right ECL 
if [ -d ECL ];then
  rm -fr ECL
fi
if [ &quot;$execute_tests_only&quot; != &quot;yes&quot; ]; then
  svn export --username=ca_pscilrc --password=fCfYAXbr --non-interactive --trust-server-cert --force https://svne1.access.nsn.com/isource/svnroot/BTS_SCM_PS/ECL/$branch/ECL_HWAPI -r $ECL_REVISION ECL
  echo ecl revision $ECL_REVISION
  svn info --username=ca_pscilrc --password=fCfYAXbr --non-interactive --trust-server-cert https://svne1.access.nsn.com/isource/svnroot/BTS_SCM_PS/ECL/$branch/ECL_HWAPI -r $ECL_REVISION | egrep -v &apos;Repo|Revi|Text Last|Path&apos; &gt; ECL_revision_info.txt
fi

svn export --username=ca_pscilrc --password=fCfYAXbr --non-interactive --trust-server-cert --force https://svne1.access.nsn.com/isource/svnroot/BTS_T_PS_TOOLS/nibbles/branches/filelogger/trunk/bin/nibbles_static
svn export --username=ca_pscilrc --password=fCfYAXbr --non-interactive --trust-server-cert --force https://svne1.access.nsn.com/isource/svnroot/LRC_SC_UPHWAPI/$branch/trunk/C_Platform/DSPHWAPI/TestScripts/Utils ./testdir/Utils


cd $WORKSPACE

svn export --username=ca_pscilrc --password=fCfYAXbr --non-interactive --trust-server-cert --force https://svne1.access.nsn.com/isource/svnroot/BTS_SCM_PS/branches/ps_rel_ci/jenkins/scripts_lrc/PS_CI_Startup_test_LRC_execute.sh
svn export --username=ca_pscilrc --password=fCfYAXbr --non-interactive --trust-server-cert https://svne1.access.nsn.com/isource/svnroot/BTS_SCM_PS/branches/ps_rel_ci/jenkins/scripts_lrc/fetch_lrc_logs.sh
chmod -R 777 *

$WORKSPACE/PS_CI_Startup_test_LRC_execute.sh; let test_result=$?

cp $WORKSPACE/*.log $WORKSPACE/testdir/results
cp $WORKSPACE/*.tgz $WORKSPACE/testdir/results

#Make a parameter file
echo ECL_REVISION=$ECL_REVISION &gt; param_file

exit $test_result</command>
    </hudson.tasks.Shell>
  </builders>
  <publishers>
    <hudson.plugins.postbuildtask.PostbuildTask plugin="postbuild-task@1.8">
      <tasks>
        <hudson.plugins.postbuildtask.TaskProperties>
          <logTexts>
            <hudson.plugins.postbuildtask.LogProperties>
              <logText></logText>
              <operator>AND</operator>
            </hudson.plugins.postbuildtask.LogProperties>
          </logTexts>
          <EscalateStatus>false</EscalateStatus>
          <RunIfJobSuccessful>false</RunIfJobSuccessful>
          <script>#!/bin/bash&#xd;
&#xd;
SSH_OPTIONS=&quot;-o UserKnownHostsFile=/dev/null -o StrictHostKeyChecking=no -o ConnectTimeout=10&quot;&#xd;
&#xd;
&#xd;
&#xd;
python ReserveIt/ReserveItClient.py -t $test_env Free</script>
        </hudson.plugins.postbuildtask.TaskProperties>
      </tasks>
    </hudson.plugins.postbuildtask.PostbuildTask>
    <hudson.tasks.ArtifactArchiver>
      <artifacts>ECL/ECL, ECL_revision_info.txt,testdir/results/*, console_logs.tgz, unit_logs.tgz, testdir/StartupLRC/startup_time_measurement.xml</artifacts>
      <allowEmptyArchive>false</allowEmptyArchive>
      <onlyIfSuccessful>false</onlyIfSuccessful>
      <fingerprint>true</fingerprint>
      <defaultExcludes>true</defaultExcludes>
      <caseSensitive>true</caseSensitive>
    </hudson.tasks.ArtifactArchiver>
    <hudson.plugins.plot.PlotPublisher plugin="plot@1.9">
      <plots>
        <hudson.plugins.plot.Plot>
          <title>Startup time (ready state)</title>
          <yaxis>Time (s)</yaxis>
          <series>
            <hudson.plugins.plot.XMLSeries>
              <file>testdir/StartupLRC/startup_time_measurement.xml</file>
              <label></label>
              <fileType>xml</fileType>
              <xpathString></xpathString>
              <url></url>
              <nodeTypeString>NODESET</nodeTypeString>
            </hudson.plugins.plot.XMLSeries>
            <hudson.plugins.plot.XMLSeries>
              <file>testdir/StartupLRC/startup_time_measurement.xml</file>
              <label></label>
              <fileType>xml</fileType>
              <xpathString>/startup_time_measurement/ping</xpathString>
              <url>$BUILD_URL</url>
              <nodeTypeString>NODESET</nodeTypeString>
            </hudson.plugins.plot.XMLSeries>
          </series>
          <group>startup_time_measurement_MAIN</group>
          <numBuilds></numBuilds>
          <csvFileName>35234559.csv</csvFileName>
          <csvLastModification>0</csvLastModification>
          <style>line</style>
          <useDescr>false</useDescr>
          <keepRecords>false</keepRecords>
          <exclZero>false</exclZero>
          <logarithmic>false</logarithmic>
        </hudson.plugins.plot.Plot>
      </plots>
    </hudson.plugins.plot.PlotPublisher>
    <hudson.plugins.robot.RobotPublisher plugin="robot@1.6.4">
      <outputPath>testdir/results</outputPath>
      <reportFileName>report.html</reportFileName>
      <logFileName>log.html</logFileName>
      <outputFileName>output.xml</outputFileName>
      <disableArchiveOutput>false</disableArchiveOutput>
      <passThreshold>100.0</passThreshold>
      <unstableThreshold>75.0</unstableThreshold>
      <otherFiles>
        <string></string>
      </otherFiles>
      <enableCache>true</enableCache>
      <onlyCritical>true</onlyCritical>
    </hudson.plugins.robot.RobotPublisher>
    <hudson.tasks.Fingerprinter>
      <targets>ECL_revision_info.txt</targets>
    </hudson.tasks.Fingerprinter>
    <hudson.plugins.descriptionsetter.DescriptionSetterPublisher plugin="description-setter@1.10">
      <regexp></regexp>
      <regexpForFailed></regexpForFailed>
      <description>$ECL_REVISION</description>
      <setForMatrix>false</setForMatrix>
    </hudson.plugins.descriptionsetter.DescriptionSetterPublisher>
    <hudson.tasks.Mailer plugin="mailer@1.17">
      <recipients>I_MBB_SM_PS_CI_HZ@internal.nsn.com</recipients>
      <dontNotifyEveryUnstableBuild>false</dontNotifyEveryUnstableBuild>
      <sendToIndividuals>false</sendToIndividuals>
    </hudson.tasks.Mailer>
  </publishers>
  <buildWrappers>
    <hudson.plugins.ws__cleanup.PreBuildCleanup plugin="ws-cleanup@0.29">
      <deleteDirs>false</deleteDirs>
      <cleanupParameter></cleanupParameter>
      <externalDelete></externalDelete>
    </hudson.plugins.ws__cleanup.PreBuildCleanup>
    <hudson.plugins.build__timeout.BuildTimeoutWrapper plugin="build-timeout@1.16-INTEL-1">
      <strategy class="hudson.plugins.build_timeout.impl.AbsoluteTimeOutStrategy">
        <timeoutMinutes>180</timeoutMinutes>
      </strategy>
      <operationList/>
    </hudson.plugins.build__timeout.BuildTimeoutWrapper>
    <hudson.plugins.timestamper.TimestamperBuildWrapper plugin="timestamper@1.8.3"/>
  </buildWrappers>
</project>